E,F,err_pos,err_neg
7.048999999999999710e-01,5.800000000000000294e-02,8.000000000000000167e-03,8.000000000000000167e-03
