E,F,err_pos,err_neg
1.170000000000000068e-01,1.100000000000000006e-01,2.479999999999999913e-02,2.479999999999999913e-02
