E,F,err_pos,err_neg
1.761000000000000065e-01,1.610000000000000042e-01,3.459999999999999881e-02,3.459999999999999881e-02
