E1,E2,F,error_pos,error_neg
0.66839999,0.66839999,0.020400001,0.006,0.006
