E1,E2,F,error_pos,error_neg
25,29,0.00003,0.00001,0.00003
31,37,0.00002,0.00001,0.00002
43,53,0.000012,0.000007,0.000012
67,83,0.000004,0.000003,0.000004
