E1,E2,F,error_pos,error_neg
0.033500001,0.177000001,0.071400002,0.021,0.021
