E1,E2,F,error_pos,error_neg
0.094999999,0.232999995,0.0535,0.020400001,0.020400001
